time,elev_mean,elev_max,elev_std,cumed_mean,cumed_max,cumed_min,cumed_std,perc_exposed
-501,97.13933982377708,418.6201041179985,29.689057186743877,0.8898480689672212,312.89188096170403,-43.552043851629605,5.444261814369559,0.9746107538475361
-500,96.79310262611982,418.20904549941724,29.625309920628872,0.8927278135474243,313.67487781463035,-43.575520360975744,5.458589300578107,0.9741871718844263
-499,96.14970174875643,417.49198794297,29.54855497511046,0.8956101335052747,314.8607901071698,-43.59863093912842,5.472950855512481,0.973673739201869
-498,95.87875991023814,417.1819314486038,29.523132777804683,0.8984859475465722,315.95409377006166,-43.62505199438183,5.485899172123426,0.9735068735800377
-497,96.25065512846838,417.5658760162657,29.572348900687054,0.9011073063871883,317.1240994181945,-43.64724941398771,5.503244978868859,0.973853440640764
-496,96.28333827447685,417.5868216459028,29.58642683949938,0.9031600832795348,318.22135380349414,-43.67373830160923,5.5170430833116075,0.9739561271772754
-495,95.94936083037028,417.1997683374623,29.540365992996918,0.9060059795528639,319.3917282171249,-43.69627045965179,5.532372484848094,0.973648067567741
-494,94.47484888978296,415.5707160908912,29.34630683626172,0.9087767481465912,320.54897180989343,-43.72231651620635,5.547244173876677,0.9723003067760279
-493,90.75069680142403,411.42366490613665,28.77063825955185,0.91161559310028,322.00971833609543,-43.743075237039065,5.562317515520324,0.968102994596121
-492,87.80207438436226,408.18578471976394,28.396479649077808,0.9150830700439775,323.03983013940456,-43.762409370792575,5.576020610589357,0.9652277715737996
-491,86.16671536187063,406.3820702802824,28.19546257570716,0.9189682058583835,324.01764156423513,-43.77672818703776,5.588303604628082,0.9636232944408076
-490,85.18880549019399,405.30644819015185,28.09270748866053,0.9227871782838333,325.0030770235554,-43.78947780317356,5.600114845974663,0.9627889663316519
-489,84.78861578222926,404.84888118712377,28.04507488869161,0.9265670168136942,326.3622258945369,-43.80173319720856,5.6112450443151705,0.9624038918197337
-488,84.78802368520965,404.8283376405411,28.04782271038846,0.9300932925233752,327.42999976165504,-43.8131538620623,5.623075590472772,0.9624423992709256
-487,84.85176892724088,404.8777951846118,28.058239314070672,0.9337705275280201,328.4435478547246,-43.82487366133983,5.635224860747898,0.962545085807437
-486,84.92505373448707,404.9452502368684,28.079631533023008,0.9373801863807236,329.5904871512683,-43.836327478562524,5.648118459259708,0.962737623063396
-485,85.85000261783695,405.9487018762645,28.214470342899354,0.9405815942780019,330.7632325710491,-43.848202217274206,5.660636054914739,0.9638800107820863
-484,87.67613515616706,407.93610220103716,28.46412900880797,0.9431378764090431,332.2919733988121,-43.860596447136174,5.674095163879344,0.965920905695252
-483,90.21754182608805,410.70440085559676,28.809706457185438,0.9453959711189673,333.1149978983457,-43.87472477590312,5.689128279852138,0.9686292630957424
-482,93.4965646450502,414.3365578761683,29.342328635247657,0.9472634825702526,336.98398791770745,-43.89330089449461,5.705076788683755,0.9725955305684983
-481,96.79993060016052,417.8815578864338,29.723590580134836,0.9498915409525402,336.9954415269598,-43.91300232531025,5.7201397628485156,0.9753038879689887
-480,101.38601864755859,422.8156627623548,30.276100601639694,0.9514972907163963,336.9942205105082,-43.93793400357095,5.730965726932911,0.9789492600151463
-479,106.62549337834896,428.39366487530503,30.833319180973106,0.9527766658808524,336.99339533695013,-43.96298145708069,5.74418596498707,0.9823507515370891
-478,112.41061678124126,434.37566804211235,31.18595731480501,0.9538851545688293,336.9924776938436,-43.98803227555544,5.7556967467863505,0.9843146315478711
-477,118.4652678118412,440.64367226272554,31.58498409102134,0.954852467973692,336.9914602114165,-44.013091736171255,5.76601515710454,0.986317019009845
-476,124.18175871100553,446.48567753709335,31.84587515115397,0.9558232514343967,336.9903387930161,-44.03818054582554,5.781446119919011,0.987510749996791
-475,128.80053534631276,451.1946838651648,32.05121167282622,0.9567815914023987,336.98911987014657,-44.063293614840475,5.796392867748543,0.9883835855571387
-474,132.0092698255299,454.47369124688896,32.22508443226995,0.9575259016147677,336.9878222903968,-44.08845314296941,5.805402224407634,0.9890767196785911
-473,134.04158441611185,456.5296996822151,32.31170705442256,0.9581382985073316,336.98647050164817,-44.113639563951416,5.8138141108184715,0.9894104509222534
-472,134.4735540397649,456.94570917109206,32.321424330552404,0.958830342561446,336.9850841855733,-44.138851854300896,5.823171420665454,0.9894489583734453
-471,134.98151613651677,457.43771971346894,32.33117236388967,0.9594067100834265,336.9836912240503,-44.1641114737335,5.830687818967744,0.9894874658246371
-470,134.65521626359754,457.0867313092949,32.323781330237296,0.960195024062972,336.98228974931845,-44.1893932081235,5.844338174908718,0.9894617941905092
-469,134.60865583977957,457.020743958519,32.32672507155856,0.960717137206611,336.98089427734567,-44.2147204713052,5.851594446432305,0.9894746300075732
-468,135.011071761139,457.4037576610903,32.32979568457597,0.9613059258579923,336.9794995730008,-44.24006739915484,5.859319380603467,0.9894874658246371
-467,135.10426384999178,457.47577241695785,32.32928408790875,0.9618885975439376,336.97809857252986,-44.26546199488247,5.86890060210681,0.9894874658246371
-466,135.2436493812393,457.5957882260709,32.33244436306899,0.9623915143171343,336.97669604454745,-44.29087705403529,5.87533377349721,0.989500301641701
-465,136.51713868765526,458.8728050883783,32.38089349444658,0.9628084051704474,336.9752915222568,-44.316312849883836,5.879876280122019,0.9896800030805961
-464,137.21437565730534,459.5578230038293,32.39834218836479,0.9632647489686815,336.97386569311254,-44.34180103676843,5.886706363196943,0.9897441821659158
-463,137.15830228022995,459.4788419723729,32.394499071107134,0.9636537545853493,336.97242814148615,-44.367314085490975,5.891213841071593,0.9897313463488518
-462,137.70050906601642,460.00886199395825,32.412137602850564,0.9640161689420171,336.97099178722806,-44.39287722304847,5.895542975767056,0.9897955254341715
-461,138.1701461123107,460.4698830685344,32.43695100716942,0.9644533263242757,336.96954628878404,-44.41846513672749,5.903340474285237,0.989885376153619
-460,138.09624651637557,460.3749051960505,32.436739725509675,0.9647798163032609,336.96809296220323,-44.44410612805599,5.905956617649261,0.989885376153619
-459,138.57546511826456,460.8509283764556,32.47248753231908,0.9651356101142248,336.9666408871119,-44.469770259671385,5.910641203227357,0.9900137343242584
-458,139.05457358014496,461.31795260969886,32.49043062757648,0.965595221164967,336.96518070382285,-44.495487986778315,5.915356098162182,0.9900779134095781
-457,138.41629118204506,460.64597789572935,32.46471773404957,0.9659471628514403,336.9637124248513,-44.521231568093754,5.9185509954119055,0.9899880626901305
-456,138.46940603949346,460.6780042344962,32.46451680790403,0.9662885150218995,336.9622551121196,-44.54699659690154,5.922090515654371,0.9899880626901305
-455,138.6857607510353,460.8840316259484,32.485916085085755,0.9666127338004986,336.9607969386275,-44.57281344465029,5.925085492984642,0.9900650775925142
-454,139.52022161660526,461.7190600700352,32.529487908411376,0.9670964962828034,336.9593351077594,-44.59865451421122,5.929382249829665,0.9902191073972814
-453,140.6659715720621,462.8690895667057,32.58077319586878,0.9674159613386457,336.95785906050384,-44.624551112761786,5.933149821852695,0.9903988088361765
-452,142.11776027074185,464.318120115909,32.618182549863896,0.9677199599391693,336.95636362416883,-44.65047722319475,5.936251373433144,0.9905271670068159
-451,143.9795462922174,466.2051517175942,32.71409047939162,0.968024638822049,336.954843760372,-44.67646519888232,5.9385203709286,0.9908480624334142
-450,144.716764205695,466.9231843717104,32.71789103886906,0.9682787611027094,336.9532922135396,-44.70248908781464,5.941298411215792,0.9908608982504782
-449,144.8719671415401,467.05921807820687,32.721721557533364,0.968478551484477,336.9517284204194,-44.728546221985766,5.943873250700312,0.9908737340675421
-448,146.20221579811368,468.40425283703246,32.79722326633764,0.9687063929968132,336.95016206080373,-44.754667085890226,5.946396317847255,0.9911176145917568
-447,148.29845679126677,470.5232886481365,32.89043327342447,0.9689174978429959,336.9485730197231,-44.78082480404749,5.94808345156615,0.9914128383842273
-446,149.59538625743662,471.822325511468,32.94013508938226,0.9691462703371149,336.946948414218,-44.80705752352502,5.949527594909562,0.9915668681889945
-445,152.33685611928607,474.60136342697626,33.06766799066086,0.9693217180199004,336.9453018837866,-44.83333120724211,5.951944792879475,0.9919519427009126
-444,154.49306967386977,476.7604023946103,33.1204005919481,0.9694988781630294,336.94360881377565,-44.8596891872343,5.95439908578046,0.9921059725056799
-443,155.18112873600518,477.44944241431926,33.169307257401236,0.9697088626294093,336.9418795180517,-44.88609699051162,5.957864931826916,0.9922471664933832
-442,155.62113397975858,477.87848348605223,33.19176311632433,0.9699140820124713,336.94013844771433,-44.91258932527845,5.960525533686472,0.9923113455787028
-441,156.67899421059496,478.9375256097586,33.24148697571236,0.970103199072075,336.9383899280475,-44.93912731077911,5.962999929451144,0.9924525395664061
-440,157.25876013502187,479.5165687853871,33.28718466280098,0.9702988448665658,336.9366234814148,-44.96571418011448,5.9665209415750615,0.9925808977370455
-439,158.5145679361105,480.76561301288723,33.31931736027482,0.9704873439290854,336.9348470923844,-44.992388813798776,5.968911710658802,0.992670748456493
-438,161.82872503346496,484.1146582922079,33.447541296879905,0.9706636155359621,336.93304961809116,-45.019114972181384,5.971561739903515,0.9930173155172193
-437,164.83667138723354,487.1437046232985,33.54561025181414,0.9708889688030411,336.9311961316872,-45.045944177390275,5.974259274191839,0.9932740318584979
-436,167.08887801022343,489.402752006108,33.611520868360294,0.9710415609030804,336.92929195758103,-45.07283840965781,5.975620470431159,0.9934408974803292
-435,168.43296149109426,490.7518004405856,33.673560385229536,0.9712248157810043,336.92734990460326,-45.099843060319884,5.978260960718068,0.9935949272850964
-434,168.75649262614604,491.0608499266804,33.68918439686609,0.9714068391999567,336.92538510977244,-45.12691193313666,5.980817068263472,0.9936334347362882
-433,168.53873111403615,490.8199004643417,33.68387402040362,0.9715373695853888,336.9234148719091,-45.15404213626991,5.982824094564971,0.9936205989192242
-432,167.3504953977646,489.5889520535185,33.63179282274781,0.9717155748988502,336.92144833951136,-45.18127881992419,5.9852418283347495,0.9934922407485849
-431,164.1813219083049,486.35800469415994,33.535057553371225,0.9718398551522931,336.9195019790723,-45.20856972898736,5.9870538903774495,0.9932483602243701
-430,157.5833171288498,479.6370583862155,33.30008619419782,0.9719902772469494,336.91760905533056,-45.235950553904125,5.98851988838874,0.9926194051882372
-429,148.46166497133356,470.3161131296339,32.906891749007926,0.9721924496292749,336.91582761435524,-45.2633552303012,5.991665411188541,0.9914641816524831
-428,141.38805284838625,463.0751689243647,32.59980904016953,0.9723953987568434,336.9142009020263,-45.29080294117561,5.993304088988471,0.9904629879214961
-427,132.60460780006483,454.1002257703568,32.259859076596676,0.9726707518544706,336.91269436878486,-45.31825061441875,5.995718754746632,0.9892307494833583
-426,120.22666682690527,441.38128366755956,31.667578992492484,0.9730021405316192,336.91133692392634,-45.345709646931134,5.999307444754004,0.986727765155891
-425,113.05665280433726,433.928342615922,31.21872511677156,0.9735462342828811,336.910190693028,-45.373122940645665,6.005901166288958,0.9845071688038302
-424,104.3385681449499,424.81540261539345,30.618839435619215,0.9742972099908984,336.9091683840324,-45.400496688140976,6.014463772749166,0.9811056772818874
-423,95.47585212323796,415.25246366592296,29.593764022791948,0.9753016403703012,336.908297421791,-45.42782326394723,6.026934871120167,0.974456724042769
-422,90.83774941635689,410.1375257674598,28.940765740417433,0.9767224301903747,336.9071173611444,-45.45102487944026,6.042946427202541,0.969694635912049
-421,87.2908374680902,406.18258891996675,28.400716531518192,0.9782296895670409,336.90593923798775,-45.46828874367055,6.056899559791495,0.9654973237321421
-420,83.05795627267675,401.52297939418804,27.854497896898277,0.9797643695756866,336.9207872990177,-45.48096812151033,6.069936050517594,0.9609149370403173
-419,78.44295216400957,396.48060837462924,27.329070468183062,0.9819827910794027,338.1349514693572,-45.227748910964095,6.081532279234501,0.9561015056413416
-418,75.57677017393115,393.28049544883237,26.940577946838328,0.9853371467631835,339.0349731931228,-44.42781685822924,6.090759131059261,0.9522250888880331
-417,71.1017345808338,388.20754633209526,26.247644203222908,0.9892111187763324,340.1884355835497,-43.428073164520185,6.096480687066226,0.9447803149909507
-416,65.41234130350313,381.6968568715825,25.34173338389671,0.9936486983937816,340.6768127590493,-42.41321750475911,6.100603834070455,0.9337415123159665
-415,61.51339866256425,377.28750064768775,24.8166010092228,0.9981582460273649,341.08351102707735,-41.402910681873365,6.104356434069449,0.9265791263942906
-414,58.10055329178002,373.37137012074453,24.328106434793362,1.0027768357138998,341.3707348492103,-40.39594855233446,6.107584411586173,0.9191215166801443
-413,54.38763930291655,369.1024400494062,23.818423199326528,1.0073123260802253,341.7152401839165,-39.39204589323841,6.109213842691497,0.9103803252596044
-412,50.06536884431892,363.9098898461026,23.063214052424723,1.0117087038127264,341.867683521172,-38.39138886193643,6.111762621193098,0.8956448072702068
-411,47.443548094974425,360.69944406887737,22.58864573734476,1.0162544533003763,341.87426519325584,-37.39453264619063,6.1126708034396655,0.8852477954484193
-410,46.13941398270138,359.0921626365255,22.358199975289047,1.0208112357139008,341.8862991724926,-36.50685650823872,6.113827010919192,0.879946603001014
-409,45.57297777416574,358.40696350380824,22.277322179864278,1.0253911122374793,341.92385185549784,-35.70852913585696,6.116236275211544,0.8780854095267434
-408,45.41515122175351,358.1938235438077,22.24603989860871,1.0298597601789896,342.05580012432813,-34.920713138684626,6.119027103259662,0.8774436186735467
-407,45.21530445309226,357.9356704727039,22.212842307530934,1.0344141806853904,342.5211441450884,-34.109570878537696,6.1227524597025385,0.8767376487350302
-406,45.04133079501847,357.71653065678345,22.191043662050998,1.0389967888028877,342.967371457393,-33.53950540092363,6.12749968934668,0.8762627235036646
-405,44.80919917180107,357.4274020994793,22.160213019215146,1.0436681617049786,343.6140203141206,-33.55728106801727,6.131681248051909,0.8755567535651482
-404,44.64571303782216,357.2232883826454,22.14164869734876,1.0482457795615623,344.27023826984254,-33.57474345128253,6.136073405419648,0.875184514870294
-403,44.7310092809138,357.313220400954,22.158413709445316,1.052651631898461,344.9765913932018,-33.59195273435282,6.142449748357834,0.8756722759187237
-402,44.5682384166726,357.1061126149525,22.138122181452204,1.057287192999085,345.6850308118301,-33.60929221666942,6.148871632482321,0.875197350687358
-401,45.00074164236129,357.63701547185684,22.227023604392556,1.0618236991002035,346.663158339768,-33.62640787517575,6.15653714540826,0.8775077977588663
-400,45.72513753160389,358.53489120231217,22.374753718600576,1.0663538905318037,347.35882261036676,-33.644099085825445,6.1637146779944825,0.8812558563415355
-399,46.5331868396526,359.5567210255857,22.55529477749979,1.0708859298052409,348.3875518188487,-33.66276244703979,6.171986925115739,0.8857483923139128
-398,48.726344554562125,362.19049859794455,22.92590485131353,1.0754058170357221,349.22034511866894,-33.68253090948114,6.179210034488392,0.8943612255638133
-397,52.02152098173965,366.0781414241796,23.44781405183381,1.0798656706265422,349.2367102656399,-33.7018780473554,6.186502863474366,0.905323013336414
-396,56.40332846230947,371.1875853345939,24.13001927066658,1.0843833756830281,351.5383455491424,-33.72120724543153,6.194634527587977,0.9179662931443902
-395,61.905154893607026,377.32576779751906,24.784215367509127,1.0886626847555592,353.28804550041457,-33.740525587861946,6.202073247667556,0.9282606184296661
-394,67.1366065136693,383.30763616416414,25.62105595141131,1.0931165641840794,357.43792808915447,-33.759837496678614,6.2142994772088205,0.9394149434582258
-393,72.25259151373145,389.0471984333984,26.362088076846135,1.0974687265335852,357.43674723577766,-33.779142960655534,6.226017930213396,0.9481689706958296
-392,76.00667527866905,393.24246700495235,26.919344155497644,1.1016020018207875,357.43556883596904,-33.798441979778566,6.238348445837936,0.9541247898134956
-391,78.91010186690636,396.397520910809,27.258916740364228,1.1052010243639112,361.08230656635016,-33.817734567219276,6.25216992439325,0.9575134455183745
-390,81.0573993699959,398.69141338576793,27.475013302973174,1.1080915718258355,364.6769629115346,-33.83702077000616,6.264419127379631,0.9595286687974123
-389,82.77227623249772,400.5321885034084,27.66808545619607,1.1105238460602105,368.2550851817093,-33.856300648643284,6.275827388629802,0.9612615041010436
-388,84.74557673123633,402.6848694536315,27.936852303063493,1.11324577253134,371.82921064060685,-33.87557426220841,6.289743470881432,0.9635719511725519
-387,87.99081009080507,406.2314402743989,28.379748360137675,1.1160260084129854,375.39912068681974,-33.8948416694856,6.3035727909528125,0.9671788157675176
-386,89.97118593613554,408.3868296307205,28.654718128510787,1.1189041554134334,378.963603356408,-33.91410292898416,6.316667488400308,0.9693223972171948
-385,91.08439721236552,409.6130120760471,28.843808522147324,1.121410703647558,378.951583307051,-33.93335809895077,6.326612069142987,0.9707600087283556
-384,92.22853613670226,410.8801955716997,29.048757591759326,1.123655232283565,382.51124627873105,-33.95260723736981,6.339890695330834,0.9722874709589638
-383,93.09587331942683,411.819380107209,29.181526331584756,1.1258640255752783,382.4968647036345,-33.97185040197212,6.349204497160672,0.973262993055823
-382,94.04016097228434,412.81656567803054,29.287760530826496,1.1279929240825932,386.05246213490994,-33.9910876502357,6.359950574770062,0.9740331420796591
-381,94.50499130117761,413.3037522841156,29.35027376708,1.1299289553879264,386.0362909709764,-34.010319039386495,6.366339913056581,0.9744823956768968
-380,94.90561576743144,413.74193992541495,29.435161096022217,1.1313435293269791,389.5868410224995,-34.02954462639916,6.377067362747731,0.9750856790789018
-379,95.1731747509496,414.02712860188,29.490937823581028,1.1327889290663546,389.5645743899513,-34.04876446799782,6.388371235082998,0.9754835894078837
-378,94.99563331321583,413.8073183134625,29.45962682152815,1.134016888165477,393.11219364099634,-34.067978620656824,6.398113041482761,0.9752653805177969
-377,94.99508837459922,413.7845090601138,29.457455475272376,1.135297077901953,393.09473692832745,-34.087187140601564,6.405468365090212,0.975252544700733
-376,95.48353385920115,414.3057008417859,29.53540018231245,1.1367751080669235,393.07326032655595,-34.10639008380916,6.416866298454248,0.9758044848344821
-375,96.03007440603884,414.8878936584307,29.618037206594543,1.1378328963866473,396.61882935726595,-34.12558750600928,6.425956042751931,0.9763820966023592
-374,96.72745559230913,415.6300875099999,29.71442248369763,1.1391193585287926,396.60050381226097,-34.1447794626849,6.434023911577994,0.9770495590896838
-373,96.95409110553355,415.8522823964456,29.738586239106596,1.1402400023018309,400.1410927343705,-34.163966009073015,6.444924141191122,0.977216424711515
-372,97.06644855769109,415.9614783177195,29.76462959910425,1.1413832531469195,400.11584344050567,-34.183147200165415,6.454715660039223,0.97739612615041
-371,97.5534264232025,416.46067527377363,29.813472946153315,1.1424985862995338,400.0966216197904,-34.202323090709505,6.462820360618724,0.9777298573940724
-370,97.87397321866547,416.79487326455967,29.864642226226113,1.1433995301798265,403.5281244274644,-34.22149373520893,6.471422152354218,0.9780764244547987
-369,98.7589183903834,417.7400722900297,29.985443708984544,1.1443958397763556,403.50179479575525,-34.24065918792442,6.480208412755962,0.9788850809298266
-368,99.61645047518218,418.6572723501355,30.106162203930737,1.145174829855975,403.48087378025025,-34.25981950287453,6.486453455903031,0.9796809015877905
-367,100.99852921507294,420.103473444829,30.234102144030953,1.146394879091193,406.20974464602773,-34.278974733836314,6.496503712845512,0.9805152296969464
-366,102.20486071210318,421.3566755740619,30.337610620586993,1.1471909754440575,406.1791421254196,-34.29812493434616,6.5044950769364815,0.9811698563672071
-365,104.63022386734255,423.8838787377864,30.52754808990457,1.1480791082980937,406.1547019108108,-34.31727015770049,6.510652029341754,0.9823379157200252
-364,107.75710684705206,427.1240829359541,30.740322850979396,1.14895236721174,408.0525243250241,-34.33641045695648,6.518739797159693,0.9835829899752269
-363,109.8048149878244,429.2202881685171,30.85277284101484,1.1496511581125366,408.01272106324905,-34.35554588493283,6.525754767899243,0.9842119450113597
-362,111.89663445832959,431.3634944354273,30.972335549106152,1.150273427254489,407.9805709850037,-34.37467649421049,6.5317359148358145,0.9848537358645565
-361,113.30820232340524,432.79670173663635,31.04367376680294,1.1509257956955052,409.06008624521417,-34.3938023371334,6.538219682181116,0.9852259745594106
-360,114.58887132887614,434.1039100720964,31.124024460742884,1.151554662986356,409.013054000851,-34.4129234658092,6.544965028153122,0.9856367207054565
-359,115.51409261950782,435.0441194417593,31.185305339421948,1.1520772873161993,408.97628431505507,-34.43203993210997,6.549717568359452,0.985944780314991
-358,115.85419333571018,435.3783298455768,31.210991787570087,1.1526466754510534,409.61959803798743,-34.451151787673,6.555849031057645,0.9860731384856303
-357,116.32566505083857,435.8515412835009,31.249948401248393,1.1531026914977747,409.58176379118527,-34.470259083901425,6.560479521925691,0.9862656757415893
-356,115.72399532407049,435.2047537554836,31.208085786658543,1.1536506792171568,409.5311911314537,-34.48936187196505,6.566334776949122,0.9860603026685664
-355,115.26571464903508,434.70596726147664,31.174287699505197,1.1541238637972673,410.03406608773895,-34.508460202801,6.571852088284642,0.9858934370467352
-354,115.39287667625929,434.81818180143193,31.18434867814367,1.154652351183317,409.99724129215286,-34.527554127114485,6.577301638262088,0.985944780314991
-353,116.71863226046754,436.1833973753014,31.288204461986552,1.1551333923591716,409.9485218465618,-34.54664369537948,6.582745373687225,0.9864582129975483
-352,120.0689791544456,439.6096139830371,31.457444867531635,1.155577912570218,410.2865077868307,-34.565728957839475,6.587498671705265,0.9872668694725762
-351,123.00966610538106,442.5958316245909,31.57701789915774,1.1560382682054557,410.2450865287534,-34.58480996450818,6.59235696416978,0.9878059737892616
-350,125.04257897804466,444.66105029991456,31.674587493022063,1.1564010059699554,410.1832178286227,-34.603886765170245,6.595408878832985,0.9882295557523714
-349,126.69395906507144,446.3372700089601,31.75943121695687,1.156771622744289,410.1261140864357,-34.62295940938192,6.598823565376922,0.9885889586301616
-348,128.25924045045102,447.90649075167937,31.80607721790752,1.1571494413321277,410.0523239023671,-34.64202794647186,6.601761777292275,0.9887814958861206
-347,130.3623189861047,450.0357125280244,31.895782267396523,1.1575805202203084,409.9771236646114,-34.66109242554175,6.604795866344827,0.9891408987639109
-346,132.6495697527473,452.35493533794704,31.99803374498821,1.1578916153313656,409.90097962984174,-34.680152895467046,6.6071636305982615,0.9895388090928928
-345,134.84808421382786,454.5741591813993,32.0796814909652,1.1581934616357081,409.8217209078898,-34.699209404897665,6.6093752625775455,0.9898468687024272
-344,135.66589898091044,455.3833840583328,32.10405674826599,1.1584775136374796,409.7425294820518,-34.7182620022587,6.611154837221653,0.9899367194218748
-343,135.3877653495295,455.0826099686999,32.100419253997245,1.158769507361799,409.6606747013369,-34.737310735751116,6.612754583082024,0.9899238836048109
-342,132.78651357762462,452.41183691245226,32.00445072414014,1.1590794774288644,409.5816300636148,-34.75635565335246,6.614553904930098,0.9895644807270206
-341,125.43415942897832,444.8810648895418,31.704392252166464,1.1594860879449895,409.50342625169196,-34.77539680281751,6.616743615208706,0.9883579139230108
-340,114.34764753754794,433.44629389992053,31.12522050596915,1.1598714623134025,409.4534180282215,-34.794434231679034,6.619186902402734,0.9856495565225204
-339,104.22760662828334,422.9245239435404,30.505342467660924,1.1604867777487415,409.8857393066735,-34.81346798724846,6.623027710801033,0.9822095575493858
-338,94.36456497465448,412.27475502035327,29.361319725215882,1.1611636454351766,409.8632711217875,-34.83249811661651,6.6278936577821215,0.9745979180304722
-337,80.53671264442022,397.00798713031116,27.401167946447515,1.1624401222338303,409.8483807595805,-34.851524666654015,6.636061623857349,0.9589253853954074
-336,67.1582162142531,382.1718501587967,25.67224017665632,1.164742324600404,411.48834739693746,-34.87054768401245,6.648163628764319,0.9403134506527013
-335,55.56971645696226,368.9734724991613,24.014781567745263,1.1680143451117513,413.4936135554905,-34.889567215100364,6.659005577511739,0.9163618160113982
-334,46.727811945363364,358.44077033465123,22.57052907137418,1.1724431526228078,415.1707423394462,-34.90858330578804,6.667744545625282,0.886698242776644
-333,41.675250870838326,352.1276072473417,21.638287459264106,1.1770484008028725,416.3382429406922,-34.92712384980396,6.675881594311994,0.862130488916272
-332,39.31202390548246,348.8287672939522,21.005165783722692,1.1816476625453243,417.36314851149933,-34.938841889176786,6.681587457835859,0.8428895991374331
-331,37.18518857790322,345.913096210317,20.504699072532595,1.186371975970061,418.05372782907426,-34.81365754001471,6.685975877342059,0.826074678783678
-330,35.06162361527725,342.9375743872524,19.992254703267584,1.1910862235315238,418.94076233930804,-34.36994142602512,6.689763322899934,0.8072702067850129
-329,34.17141246801423,341.7182048880692,19.810391248558116,1.1957856539808884,419.449611143676,-33.65882816632183,6.693363471074772,0.8000693134121453
-328,33.87190720769295,341.25789783799473,19.728173546730236,1.2005148419070473,420.1502948537489,-32.936956777509565,6.6971503978204,0.796744836792586
-327,33.67772866370042,340.9716143904093,19.6851445583508,1.205325014477768,420.87320783670395,-32.29610489783783,6.701481066866276,0.7950248373060187
-326,33.48360342488284,340.68734563930553,19.64153319445048,1.2100124819983447,421.41643576782803,-31.742061245649175,6.705257425771026,0.7933946885388989
-325,33.63853674188265,340.91509148160475,19.68900603757845,1.2146680141125115,422.3076567149629,-31.25920316384631,6.70948669265253,0.7956281207080237
-324,34.5982760367485,342.2468257138219,19.90911348501583,1.2192917157710397,422.6660530573405,-30.895104474441748,6.714461681363251,0.8048442373599292
-323,35.20056367373613,343.05949183681037,20.042219344519754,1.2240348996943695,423.22137679598416,-30.758697319668055,6.720279175393857,0.8101582656243983
-322,36.06277224876535,344.2411164149143,20.244955266497463,1.2287418078545165,423.57916137774305,-30.746621763769756,6.72641968592554,0.8178854274968873
-321,37.03835567826204,345.63968056575334,20.516866952644396,1.233450655613042,423.5784796359779,-30.75580671410579,6.732115350853037,0.827833185721437
-320,38.89701307554813,348.13517318681966,20.936736609876405,1.2380164497294,425.3949607572212,-30.76495758479286,6.739057136242119,0.8422734799183642
-319,41.88916453885254,352.21953814014677,21.695792681904233,1.2428212252010211,425.39436382814705,-30.774101464877067,6.746217980213289,0.8657758609624295
-318,44.15910794674249,355.02569411130264,22.099060199901103,1.247567153033023,425.39445785360215,-30.78324236426191,6.752742260796732,0.8770328725275007
-317,45.737625442466445,356.98170651509497,22.398660959231744,1.252291026183186,425.3956677060013,-30.792385800963437,6.761939858920449,0.8848498851194373
-316,47.35031867348689,358.95761885924844,22.699443558556396,1.257037487073934,425.3945841880611,-30.801531752562607,6.7672230181508795,0.8921663008458803
-315,47.92390527773001,359.6394301251231,22.800985055907223,1.261793049118637,425.39352471285804,-30.810680202379313,6.774683240421906,0.8945794344539002
-314,48.26204980431675,360.0192065410702,22.850036714039874,1.2664461781132932,425.39542762127553,-30.819831136203526,6.785720814508018,0.8957218221725904
-313,48.732257128425154,360.5769635643338,22.937269219210517,1.2712247198565931,425.39438395527173,-30.828984548925874,6.792757770881758,0.8977113738175003
-312,49.19050924747306,361.12669208630723,23.028643106031346,1.2759770295927984,425.39676991703567,-30.838140433093592,6.804195711994008,0.899752268730666
-311,50.10850075303076,362.210392517804,23.183325162752606,1.2807513739599463,425.39574594174553,-30.847298779745884,6.812405391295981,0.903128088618481
-310,51.899955566133535,364.2970375315339,23.45426705876286,1.2855102602949764,425.3986069718365,-30.856459587907008,6.825189642717507,0.9087373406754207
-309,55.31122621119615,368.2185757968772,23.935747645681747,1.2902646744135826,425.3976252633219,-30.86562285314132,6.8347145182212,0.9177737558884311
-308,59.45063262576349,372.888913408545,24.46999061911247,1.294721385867008,425.39850286001166,-30.874788570279758,6.846111746183295,0.9266561412966743
-307,63.941476173514744,377.85101204444834,24.9827138663549,1.2992896721328253,425.39764080516113,-30.883956747665334,6.860211081544323,0.9340880793766927
-306,68.44693889748405,382.9548567723838,25.66763758400642,1.303685996315042,425.39684115899087,-30.893127394858645,6.873065335561968,0.9429191215166801
-305,72.10234322604653,387.05444033746807,26.211958729786,1.3065367217364725,425.39850822941173,-30.902300530556687,6.882646126642187,0.9491701644268166
-304,75.02169588158705,390.30281413436416,26.63516065913197,1.3091544835427043,425.4007600680463,-30.911476175927497,6.890552714752931,0.9537012078503857
-303,76.68540520438219,392.10602172511665,26.83349028900935,1.3122257203579157,425.3995218315179,-30.92065436372651,6.902601801345542,0.9557292669464875
-302,77.77211233162582,393.2721370689787,26.959807916485943,1.3148390486301387,425.4020827597115,-30.929835126548834,6.911924202192231,0.9569743412016892
-301,79.64410092023846,395.2661927703688,27.142966452933468,1.3174312673344464,425.40078335628664,-30.93901849684025,6.924001714954185,0.9587200123223844
-300,80.80110319732947,396.4961464591962,27.265605831401516,1.3199357638990064,425.4035346745367,-30.94820450691021,6.931192967632188,0.9598495642240107
-299,81.59265459267783,397.3390372406445,27.36096010462823,1.322095414561042,425.402168095384,-30.957393188932542,6.940876339479749,0.9607095639672943
-298,82.26487926756484,398.0558849238616,27.44953692451861,1.325837018098447,425.4050324852731,-30.966584574954556,6.950200302816651,0.9615053846252584
-297,82.52011740532251,398.30769595960817,27.474551020825455,1.3293946124069385,425.4036343379971,-30.97577869689671,6.962332579624909,0.9617364293324091
-296,82.59376321866694,398.36249414739086,27.479015040287063,1.333124701082368,425.40223032919266,-30.984975586563372,6.9754238823013255,0.961787772600665
-295,81.83911753113844,397.5242895698642,27.397489859648573,1.3364499760137756,425.40517493841423,-30.994175275645638,6.984661284421775,0.9610818026621485
-294,81.26491008272373,396.86912792852354,27.31967095199804,1.3399219367235378,425.4082444401093,-31.003377795719967,6.993887765446807,0.9604015043577598
-293,79.47032115594557,394.9039998555211,27.125515349205138,1.343218798036561,425.4068758064153,-31.012583178248406,7.003418399106598,0.9586429974200008
-292,76.0079262066198,391.13097239125364,26.759431656546457,1.3465213029571252,425.4101567621009,-31.0217914545788,7.011635984311937,0.9551003119103546
-291,73.27050911003472,388.0581380586553,26.374663475010394,1.3500931325757237,425.40891413922,-31.031002655945024,7.023458855005046,0.9511083728034708
-290,70.12629564263332,384.49246102172174,25.898961829482023,1.3538590118905478,425.4126476956109,-31.040216813467616,7.0342129988791635,0.9458328519901934
-289,66.94330521779983,380.9049665032452,25.458460008744147,1.3579822441194587,425.411551001619,-31.049433958148125,7.046396488036835,0.9405830028110439
-288,63.442079400724666,376.8866556202869,24.912021974888628,1.361894464450876,425.41587343049264,-31.058654120856446,7.057191339225294,0.9334719601576238
-287,60.59060637092127,373.67355042137046,24.552437599925852,1.3659161454530349,425.4151091667882,-31.0678773323064,7.070838711557487,0.9283761407832416
-286,58.71894760327984,371.6046096987981,24.37278571527715,1.3698613241388007,425.42018732357246,-31.07710362469645,7.081068966689622,0.9256549475656873
-285,58.14475284023267,370.93377489776026,24.296875369023795,1.374063749643986,425.41936275762106,-31.0863330221942,7.095551234250492,0.9244740523958053
-284,59.62348922355953,372.55597446724727,24.46042084098948,1.378271361244428,425.42492238474006,-31.09556554255326,7.1074366746452995,0.927079723259784
-283,63.78613593601508,377.19209105602357,24.978553753956582,1.3824073816706446,425.42411548935763,-31.104801193983633,7.121221114028491,0.9345501687909944
-282,68.42747400865831,382.424970419698,25.658536541838792,1.3864233410415772,425.43001124244967,-31.114039988781734,7.132779169230052,0.9432913602115343
-281,73.54901389414243,388.1765820169039,26.425124837075597,1.3901271937557367,425.4289711316776,-31.12328195292462,7.146126967812189,0.9520197158150102
-280,79.97406626945553,395.17489929958344,27.169150564101468,1.3936644605962056,425.4278088901284,-31.132527110843714,7.158663837022463,0.9594773255291565
-279,85.62848429278785,401.37185846389065,27.9249361323442,1.39695697146982,425.42649758359016,-31.141775488327276,7.166693281542016,0.9660492638658914
-278,89.678010398821,405.83350052306344,28.52941110558325,1.4003076021525227,425.42505450357714,-31.15102711103279,7.174506483703746,0.9708626952648671
-277,92.56974077297168,409.0949346116532,29.083093226806543,1.4023013096756431,425.42351711216014,-31.160282004503255,7.181237311644402,0.9750471716277099
-276,95.05528585565376,411.7603697176895,29.373302474805534,1.4036040191844712,425.42191134054553,-31.169540194186883,7.185538446568984,0.9771394098091314
-275,96.10668881494296,412.88380582761715,29.50916002675142,1.4046800707299716,425.420250055487,-31.178801705451537,7.191226703775133,0.9780892602718626
-274,97.19115805749769,414.04124294147505,29.647716988455052,1.4056041477165409,425.41856655329786,-31.18806656358483,7.19497966105159,0.9790391107345938
-273,98.66305332343191,415.58868105930225,29.79152408261669,1.4066173355500036,425.4168600968224,-31.197334793794237,7.201190159206131,0.9800017970143889
-272,99.66461549765314,416.63312018113766,29.887436434756804,1.407431319822328,425.4151222612115,-31.206606421207212,7.205116183094011,0.9806307520505217
-271,99.61644904897072,416.5615603070197,29.883051022854456,1.4083769346232327,425.41336390590845,-31.215881470871317,7.2107570975446444,0.9806050804163939
-270,98.57388328702432,415.43200143698664,29.7826674383663,1.4094707370817199,425.41160912746295,-31.22515996775437,7.21753816078498,0.9799504537461332
-269,98.4973585780083,415.3294435710761,29.774517378180473,1.410406986539363,425.40988077157476,-31.234441936744552,7.222204821895044,0.9798991104778775
-268,98.45556701255018,415.2668867093241,29.774131049623147,1.4111939678231553,425.4081566585307,-31.243727402650546,7.227055019615695,0.9798991104778775
-267,97.0829912707254,413.77233085226715,29.622514649916614,1.4120036051789095,425.4064359221184,-31.253016390201708,7.231631415833039,0.9788850809298266
-266,97.00657003303367,413.6687759998618,29.612627949083226,1.4128997614073446,425.4047494851819,-31.262308924048185,7.237573545362908,0.9788209018445069
-265,96.19909119551721,412.7772221520646,29.518574225758904,1.4136654488472027,425.4030673073977,-31.271605028761062,7.241631422699723,0.9781791109913102
-264,95.47438516072698,411.9726693088322,29.43128342003673,1.414551470592724,425.40140640386664,-31.280904728832503,7.247339409087248,0.9775758275893052
-263,95.78843855264971,412.3011174701212,29.482534573471437,1.4154147092991693,425.39976489292803,-31.29020804867587,7.252326760073947,0.9779352304670954
-262,96.29127681978831,412.82856663588814,29.54901732425375,1.41638558201498,425.39811581783607,-31.29951501262586,7.2619684453854125,0.978397319881397
-261,95.99899146878721,412.4890168060898,29.509597891950236,1.417182139003566,425.39645736937587,-31.308825644938672,7.266204020190303,0.9781277677230544
-260,96.03463738620474,412.51146798068265,29.52035770374339,1.41815578931586,425.39480578272025,-31.318139969792096,7.276636507970717,0.978204782625438
-259,96.69376431638536,413.2029201596234,29.598349591664878,1.4189306330057,425.3931557268011,-31.32745801128564,7.280629552141452,0.9787438869421233
-258,97.04935582174693,413.5593733428686,29.63005348695103,1.4197508826202907,425.3914928750652,-31.336779793440705,7.285757805627612,0.9789620958322102
-257,96.93645210890709,413.4168275303749,29.61652079232524,1.420694284742487,425.38982184327864,-31.346105340200648,7.296510550861394,0.9788722451127626
-256,97.54334826185715,414.0602827220989,29.70129140825606,1.4214233566765047,425.3881560240525,-31.355434675430978,7.29985690408288,0.9794498568806398
-255,98.36170246636053,414.9207389179973,29.794847593457153,1.4223607335623647,425.3864758272751,-31.364767822919422,7.310113370599287,0.9800788119167726
-254,100.03236957275786,416.6731961180267,29.949234528568184,1.4228839139490446,425.3847791810246,-31.37410480637611,7.31295375341448,0.9810928414648235
-253,101.09504232593277,417.75065432214353,30.003203409185016,1.4236992794191607,425.38304420509314,-31.383445649433675,7.323135263548096,0.9814394085255497
-252,100.24489434885267,416.85211353030473,29.96055474541691,1.4243124283101591,425.3812880896294,-31.392790375647394,7.327576902174543,0.9811698563672071
-251,97.94513644047959,414.3955737424667,29.75525998477444,1.4248714009367143,425.37955350313445,-31.402139008495304,7.331579590872093,0.9798220955754938
-250,94.41905321005956,410.5510349585861,29.316030870186705,1.4256425506196138,425.3778714830355,-31.411491571378374,7.340550353600561,0.9767928427484052
-249,90.42594146962638,406.1064971786195,28.69958986446074,1.4264095490870883,425.37627461381663,-31.420848087620584,7.344564338094123,0.9722361276907081
-248,86.55402228985034,401.7549604025312,28.055711977766254,1.4277248067255928,425.3747732571548,-31.43020858046908,7.3567395201227965,0.9672173232187095
-247,82.04354165183186,396.75442463589366,27.420474160167622,1.4289815998308304,425.37336800559507,-31.439573073094312,7.3628460113100225,0.9618391158689207
-246,75.29605994618252,389.3893040482225,26.65464504084287,1.4312558950851562,425.3720728743095,-31.448941588590127,7.370081471762257,0.9545740434107333
-245,65.49215944921728,378.34056042667936,25.223631390386302,1.4329258167956906,425.3709367673942,-31.45831414997394,7.379842279223054,0.9380543468494487
-244,54.34331189943375,365.71138228649704,23.743415113923707,1.4354069839718286,425.3765214432245,-31.46769078018525,7.390968378867008,0.9153092790121555
-243,45.4240629911703,355.0328505116129,22.27598285679066,1.439476215014064,425.385063024623,-31.477071502015033,7.404119051851956,0.8836176466812995
-242,39.312567535953924,347.05686527723344,20.95075316774046,1.4440203807375058,425.3945067473802,-31.486456338339313,7.413405806543023,0.845674971440307
-241,36.00900936627668,342.41228827564015,20.10131288512307,1.4487365469296476,425.40475150338017,-31.49584528575587,7.4220169038595545,0.8164093085345348
-240,34.374225361970936,340.1679490152963,19.745835114800148,1.4535331246760828,425.41555982287133,-31.50404112606376,7.429632624744197,0.8028161782638273
-239,33.59286652775171,339.02572465907286,19.54808131812041,1.4582624414136953,426.4295808779392,-31.32988286856747,7.43714634914041,0.79476812096474
-238,33.62896480053268,339.06355880397126,19.558432055807756,1.463008982375667,427.75129934407175,-31.05586487025722,7.44432623152477,0.7952558820131695
-237,34.62144600321569,340.4693910579322,19.80640972256154,1.4677321647449073,428.929666753316,-30.83984759860879,7.451625960870836,0.8054090133107423
-236,36.50737348441224,343.12615141053124,20.284664058903825,1.4724217425981159,429.2673441984314,-30.832846182333476,7.4596155821781,0.8234690079196991
-235,41.7757085881923,350.3427758425195,21.59464645941926,1.4771222794870114,431.66183757764327,-30.84083510017186,7.467987248923733,0.8660197414866443
-234,49.85427227839086,360.33203099245156,23.091220071828005,1.4818356331066964,431.67141607057715,-30.848819097015745,7.476908164409887,0.9035516705815909
-233,58.94069382691011,370.7387749638764,24.31279164409842,1.486379953386619,431.67057784952186,-30.85680318227384,7.485681311248084,0.9264379324065873
-232,68.49544567165694,381.45304949094395,25.589005229151145,1.4899623335419734,431.6698702985755,-30.864761481227408,7.496447841358403,0.9437662854428999
-231,75.22958095678246,388.99271262508853,26.573453233731694,1.4920012181222841,431.6687239977919,-30.8727457437028,7.508935825624452,0.9547152373984366
-230,79.71398246504613,393.8519899371081,27.07470507348166,1.4937546738556597,431.6673919055476,-30.88073013321315,7.518897950220055,0.9596185195168598
-229,82.60359347984907,396.9980186008709,27.441419157543567,1.4954305927983376,431.6659398984057,-30.888714686692882,7.530772432206154,0.9629044886852273
-228,84.00694444787693,398.5528862979968,27.673440811112673,1.496880950233845,431.6644100833387,-30.896699440932267,7.540101241208413,0.9649068761472012
-227,85.85757438396219,400.56367446060267,27.92059656287585,1.4982881238690795,431.66284156702625,-30.904684432598696,7.548926209222398,0.9669734426944947
-226,86.76814766319546,401.53020497640534,28.025906346677527,1.4998378231226004,431.6612231436163,-30.91266969825037,7.558621000622897,0.9678334424377784
-225,86.63863085962848,401.37073653093495,28.012638200566816,1.5011041918571335,431.65958049909216,-30.920655274335648,7.567199096831957,0.9677307559012669
-224,85.29427737743909,399.8862691166577,27.847797806479512,1.50330436828593,431.6579413091489,-30.928641197193226,7.5793498927077945,0.9663958309266176
-223,81.36415409355213,395.49798917703777,27.26019192613443,1.5046661046963217,431.6563381392957,-30.93662750305232,7.588348873103585,0.9613385190034271
-222,73.13493283700973,386.48393385793634,26.29526087348664,1.506272236167517,431.6548423375076,-30.94461422803284,7.598085243133805,0.9518400143761151
-221,62.583491826838845,374.55233989301075,24.745047307499284,1.5082249567067574,431.65356759636165,-30.952601408145597,7.608737597765644,0.9329071842068107
-220,51.80434325548966,362.36935659178005,23.409360192155503,1.5113468427504126,431.652585624787,-30.9605890792969,7.620368319426211,0.9103418178084126
-219,42.255111100097764,350.6369968240654,21.689404239267432,1.5159065450389213,431.651776435952,-30.96857727723085,7.632733839624298,0.8690104868625412
-218,37.03023512974715,343.51523752957024,20.42025745395024,1.5206979094978719,431.6508204294444,-30.976566037539193,7.64096548551771,0.8287316929159125
-217,34.00054112636072,339.2058427515743,19.655390709296515,1.525454644231356,431.66070071464804,-30.984555375021543,7.650174131374058,0.7998511045220583
-216,32.30965372039613,336.7936685616816,19.26131342470751,1.5301821831491549,431.6711415143272,-30.875206677899,7.65796629483471,0.783087527436559
-215,31.724533931508066,335.975617865769,19.14522467812103,1.5349783443974796,431.8035316624258,-30.503862137245655,7.663249681161825,0.7778761857086013
-214,31.641750773754914,335.8606090811946,19.1363981755911,1.5398641407296028,432.10251531007583,-30.106973819485805,7.668956259941405,0.7775552902820029
-213,31.707449907565685,335.9586062282735,19.160939242088833,1.544696635422806,432.3927282395468,-29.77237104924749,7.673345800997233,0.7788260361713325
-212,31.695871219246904,335.9435984059515,19.167260120873568,1.549568206856385,432.9999179971083,-29.513862992942144,7.680146832259558,0.7792111106832506
-211,31.84152747315817,336.15359139750126,19.209056999056102,1.5543309977485107,433.2839709041819,-29.304166367584937,7.686503082946979,0.7812648414134802
-210,32.448209345759786,336.97957368799257,19.33411350241643,1.559049337450137,433.58218732832273,-29.1609769832304,7.693477770003709,0.7870923023605068
-209,33.16511531635726,337.9455137527469,19.47969814197154,1.5638046679918127,433.8667183191023,-29.144960945103737,7.700660629650807,0.7935487183436661
-208,33.88278554329038,338.93040442901565,19.640538834758633,1.5683989379934469,434.3246271005028,-29.151612698450606,7.70848749961132,0.8003388655704878
-207,34.637791214874184,339.96524474685236,19.81258207020551,1.5730385442254087,434.32426839073213,-29.15825901297175,7.7157409575095635,0.8073472216873965
-206,34.96409361307686,340.40203214986275,19.888005164648963,1.577560260703685,434.3239659809294,-29.164901482867215,7.724589861375803,0.8103508028803573
-205,34.77988446683437,340.1377972446513,19.850777669744044,1.5821617049236678,434.32371262690987,-29.171541843041187,7.732244612871896,0.8089260271862605
-204,34.30420877655465,339.46757590757926,19.74680447831985,1.58688518101641,434.3227286778732,-29.178180428530357,7.739472182945028,0.8048185657258012
-203,33.243543620615505,337.9393889159502,19.490045752100297,1.591531897105684,434.3224976822496,-29.184817236254666,7.746070400541915,0.794190509196863
-202,31.837098570387482,335.99728017817523,19.208325250821872,1.5961971003409974,434.3222743703802,-29.191451184535033,7.752407360540725,0.7816627517424621
-201,31.22372631774489,335.1142708778,19.07674345475105,1.6011544757588896,434.61548225487496,-29.080321689860348,7.757838982641527,0.7754630521005814
-200,31.18769465775277,335.05730681320546,19.07405488954139,1.6059115861168474,435.02988743702684,-28.888344286845495,7.763868716251124,0.7754117088323257
-199,31.31472726048001,335.2533457097386,19.11752207178507,1.6105511124039003,435.3068371511221,-28.72801186883704,7.770400838646834,0.7775937977331947
-198,31.843298084777597,335.97237461940034,19.22478654346408,1.615174070314711,435.5743090695074,-28.623470032084974,7.776577795299098,0.7827666320099606
-197,32.81788934845934,337.28336677696325,19.414809002101915,1.6198636840704903,436.2662766635529,-28.626375073375115,7.783242224433196,0.791405136893989
-196,33.39315084164633,338.0632918872825,19.53804558455211,1.62438083793854,436.2660266653978,-28.632662620339254,7.790228272420462,0.7967576726096499
-195,34.06367313933363,339.01817712877914,19.709359338901464,1.629041244792435,436.2650402841856,-28.63894615655348,7.795448433720098,0.8039457301654537
-194,35.01148557645133,340.36401354738456,19.951868191504257,1.6337125613734285,436.26481313111697,-28.645226877075913,7.802171780022731,0.8137009511340444
-193,38.6834831856068,345.45078113517843,20.84372980413122,1.6383582521022453,436.2638275954229,-28.65150476664144,7.808765297821187,0.8461113892204808
-192,45.73822397669445,354.63528844135567,22.383398948046548,1.6428775533134197,436.2628573846967,-28.65777982483906,7.815771705428368,0.8905489878958245
-191,54.03730821071437,364.45137318762687,23.66110677899885,1.6472387574750416,436.2620025233449,-28.664042721402417,7.823749421785279,0.9189289794241853
-190,64.85705974643234,376.4899081809064,24.929808548982983,1.6508585265150602,436.2613397349778,-28.670318772449264,7.832249972454479,0.9382597199224717
-189,74.46216973535667,387.2438271141686,26.303109502676183,1.653078479175453,436.26019435969084,-28.676592027025144,7.840867514624722,0.9541761330817513
-188,83.05306846618802,396.6351957288912,27.37022406480523,1.6549906697495067,436.25881635102076,-28.68286251708155,7.847628673679669,0.9641752345745569
-187,90.29922961849992,404.6460837552137,28.46718053162179,1.6565934465265963,436.25723513047274,-28.689130274465427,7.854532385496073,0.9729420976292246
-186,93.67025813035787,408.3757170241746,29.01289624049737,1.6579900903386355,436.25548050678344,-28.69539533095293,7.860547318874947,0.9769725441873003
-185,93.85411286103363,408.5573512763478,29.039391016432756,1.6592481042911948,436.2536449524068,-28.70165771824876,7.867422066018134,0.9771650814432593
-184,92.7305495533973,407.3039865094566,28.88014387003357,1.6604393218949989,436.2518050857231,-28.707917467986245,7.873182008725631,0.9760226937245691
-183,89.91429059854003,404.1246227234597,28.38825624723863,1.6620786057177872,436.249991893975,-28.714174611727497,7.880639471248178,0.9723644858613475
-182,87.1412913986111,401.00525991832455,27.92726663049038,1.6634543625867164,436.2482469655146,-28.720429180963443,7.887375015823069,0.9687961287175735
-181,85.63141442799696,399.3268980998836,27.72111581046841,1.6649656268516901,436.246569001576,-28.726681207114005,7.895994293536853,0.9671403083163259
-180,83.38747986233015,396.84653729508676,27.425029800044115,1.6664338289612017,436.2449268824715,-28.732930721528145,7.9033992421537205,0.9646758314400503
-179,80.91783364489568,394.0684147706788,27.038980222525833,1.667947964388136,436.24333792474664,-28.739177755484032,7.911486242459064,0.9613128473692993
-178,78.79491437385661,391.7554344629377,26.816513079223945,1.669479198069999,436.24180853930227,-28.745422340189116,7.919264833050991,0.9592847882731975
-177,76.0491745424724,388.74557256645636,26.50479715090557,1.671031796706362,436.2403286822994,-28.751664506780234,7.926779690808765,0.9562812070802367
-176,73.10505070928255,385.464864745186,26.113345325153496,1.672743155906267,436.2389134023095,-28.757904286323758,7.93397412313496,0.952237924705097
-175,71.1350933025244,383.2403248580408,25.8303510843543,1.6746885362658372,436.2375685482687,-28.76414170981564,7.942456622043993,0.9491573286097527
-174,70.45804501198516,382.4648988536542,25.737326554777145,1.6770583053179748,436.2362713138275,-28.770376808181556,7.952969747261139,0.9481176274275739
-173,71.37017897391998,383.46751257058963,25.86916165695862,1.679196930779636,436.2349904074386,-28.776609612276975,7.961147816108122,0.9496065822069903
-172,72.37921038862817,384.57607501366493,26.01340246412347,1.681014753891723,436.2336874346472,-28.782840152889435,7.970706415752575,0.9511982235229184
-171,73.33997119500222,385.64758076056404,26.172835475769716,1.6830467655550987,436.23236010753044,-28.78906846073429,7.9796765160841305,0.9529182230094857
-170,74.13004166386368,386.51103170758864,26.287892819539433,1.6847968769056372,436.23100922617806,-28.79529456645328,7.9898054543622745,0.9541376256305595
-169,74.50739019714841,386.9054385022652,26.334207418176725,1.686432624377927,436.22963928317563,-28.801518500638462,7.997309937072948,0.954625386678989
-168,76.06004639603437,388.59782514888593,26.53407315438241,1.6880833138496274,436.22826040687306,-28.807740293810294,8.006544845525168,0.9566662815921547
-167,79.34830954091284,392.15212522028185,26.901374863248673,1.6896405675087824,436.22684456908405,-28.81395997641772,8.01502960522872,0.9602089671018008
-166,82.52222699987377,395.6502434301252,27.359847277155794,1.6911964286915966,436.22535156393036,-28.82017757883828,8.023183395109745,0.9643035927451962
-165,85.92773818989401,399.381182654534,27.831754161828794,1.6924987160678386,436.2237826043202,-28.826393131378158,8.030129776642042,0.9682826960350162
-164,89.2229036410739,403.03988754865793,28.369503428682503,1.694091935660959,436.22213266240254,-28.832606664272273,8.036741684800134,0.9725313514831787
-163,91.43885972900702,405.4835934550417,28.721894215426172,1.695326461350622,436.2204033182477,-28.838818207684408,8.044181935850915,0.9752140372495411
-162,93.02450760193922,407.22330034208056,28.973242903564316,1.6964946910087788,436.2186208119258,-28.84502779170726,8.051657687850346,0.9770623949067478
-161,94.37699140585333,408.6930082025366,29.173509389335756,1.69751595983456,436.2168003478893,-28.851235446362544,8.060079755280697,0.9785000064179086
-160,95.9487916945572,410.35271703636954,29.3327298238766,1.6985381888543005,436.21494775819957,-28.857441201601123,8.066498403189318,0.9796167225024709
-159,97.84375541966834,412.3224268435389,29.475086867293363,1.6994648144013471,436.2130589415203,-28.863645087303016,8.073888850109348,0.980579408782266
-158,99.10612727193981,413.62213762400484,29.56238761490044,1.700385882581306,436.21112720545295,-28.8698471332776,8.080143127615955,0.9811570205501431
-157,98.55702908539205,413.03184937772744,29.530620152756494,1.7011576096114225,436.20916701979075,-28.876047369263592,8.086056696020702,0.9809516474771202
-156,98.39985564453877,412.8515621046674,29.526339904003994,1.7020204005682058,436.207219198047,-28.88224582492924,8.091963397067149,0.9809259758429922
-155,96.91337800923408,411.25127580478545,29.385495364141,1.70281749972336,436.2052748862116,-28.888442529872364,8.098666228612702,0.979988961197325
-154,94.65511797077687,408.8509904780426,29.205559596910692,1.7036543885955513,436.20336474726093,-28.89463751362045,8.104792799337538,0.9787438869421233
-153,93.83829051603621,407.9407061244,29.098624850536986,1.7045340881243691,436.2015060546298,-28.900830805630765,8.112344540253284,0.9779865737353511
-152,93.01825516284681,407.02042274381915,28.982408468232318,1.7054077596952275,436.1996666312502,-28.907022435290433,8.118695374304272,0.9771522456261953
-151,92.05458508969002,405.9401403362613,28.843278817875884,1.7063528094615803,436.1978466921735,-28.916336286172942,8.125942842887818,0.9761382160781444
-150,91.82660372578441,405.66985890168786,28.81159146270163,1.7073070823939882,436.1960496915045,-28.941365413232116,8.133346702575848,0.9759071713709936
-149,92.81611743470461,406.7395784400601,28.956430361508794,1.7082297750824906,436.1942581372433,-28.966320159705006,8.141300872908891,0.9769725441873003
-148,93.88007850090598,407.89929895133946,29.12461984347403,1.7092105780591371,436.1924430935022,-28.99120071669482,8.146289759358236,0.9781919468083741
-147,95.0574904706248,409.1490204354874,29.259923818508078,1.7101920954181842,436.1906026179237,-29.016007275177575,8.15474821019685,0.9791546330881692
-146,97.22935383481042,411.4187428924649,29.43537932471076,1.7109783872855802,436.1887347682394,-29.040740026000115,8.159623032879901,0.9803611998921792
-145,99.0284850224125,413.2884663222336,29.572669493346183,1.7118136369949721,436.1868175200749,-29.065399159878005,8.16711936212778,0.9812725429037186
-144,100.65178182435388,414.9681907247549,29.69039996635325,1.7125985364421545,436.1848595132062,-29.089984867393547,8.171724897951455,0.9820298561104908
-143,102.87017952172896,417.25791609999,29.833791220066804,1.7134358335898823,436.18286485232295,-29.1144973389938,8.178794658721356,0.9829155274879022
-142,105.08403263293025,419.54764244790033,29.98713153581345,1.7142686664268552,436.1808203669185,-29.138936764988582,8.184145561920559,0.9838268704994416
-141,106.32562916655795,420.80736976844713,30.049379624572698,1.7149515965642477,436.1787260592852,-29.163303335548502,8.189847832750152,0.9841862733772319
-140,107.39259918261946,421.89670991351437,30.119879609275493,1.7156917098450033,436.17660417328676,-29.187742592163158,8.194606990877872,0.9845841837062138
-139,107.31137384057385,421.7960510798588,30.121956778711013,1.7165766720991271,436.1744583811313,-29.212108430127948,8.20123965996515,0.9845970195232777
-138,106.62503308287374,421.05539326743565,30.066904173619854,1.7173795271061203,436.17231438049146,-29.236401042908845,8.20618893879822,0.9842889599137433
-137,105.19939607336754,419.5647364762002,29.99503275912374,1.7180761271943052,436.1701859912907,-29.26062062382098,8.212289964588063,0.9838782137676974
-136,101.38941474543066,415.56408070610786,29.725718614624718,1.7188840458853385,436.1680894081298,-29.284767366026614,8.217325393375793,0.9822609008176415
-135,93.6508896256394,407.3834259571138,29.09498541317284,1.7196005418405416,436.16607882988035,-29.30884146253326,8.223865383540574,0.977999409552415
-134,81.070216605641,393.33777222917337,27.082253377660596,1.720522927817066,436.16424451449785,-29.33284310619177,8.230442755072437,0.9619289665883681
-133,62.68311723098963,372.83142890662634,24.57700022083307,1.721984053050592,436.1627131012689,-29.356772489694414,8.239660792487285,0.9338056914012861
-132,46.780517105478445,354.75215398768637,22.60025485255681,1.7240789492803872,436.1616240719281,-29.380629805573,8.248473163878808,0.8967101800865134
-131,38.98056319174308,344.5688210258352,20.87548371702958,1.7277784490421981,436.1607858702932,-29.40441524619703,8.259960560452257,0.8483448213896055
-130,32.30861324988166,335.2120186524278,19.26875011101643,1.7322328944805856,436.159820267247,-29.42812900377182,8.267609088294481,0.7868355860192281
-129,26.208319132845983,324.6007038069563,17.388845304611763,1.7368426336994782,436.15883511567694,-29.451771270336682,8.274417919229826,0.66759084549527
-128,20.923610960880232,314.6409418490002,15.765896539875715,1.7416731457954606,436.41657506508784,-29.059041187231074,8.277558257801712,0.546151180253379
-127,18.16443151819209,303.2736988340328,12.844814476783371,1.7464264544193884,436.46997090983785,-28.537131813498316,8.275865498666667,0.35533392378091827
-126,15.234827865749255,296.78204809124395,11.73436699343738,1.7512769751402073,436.4689856684696,-28.18540736826991,8.272708847233723,0.2872270784396781
-125,14.83054098648043,295.83074353346456,11.596611233511267,1.7561609591983576,436.46800042659646,-27.164676179570545,8.269767013772897,0.2772921560321922
-124,14.850947503008966,295.8824864391392,11.606340205682262,1.7609748198566737,436.4670151842185,-26.225153301158038,8.267729309702275,0.27821633486079556
-123,14.761969198872965,295.66622670119114,11.577324140304594,1.7657769001860126,436.46602994133576,-25.465581843946612,8.266264321854047,0.2761626041305659
-122,14.64786671579012,295.3949782790056,11.541885251447937,1.7706059606478537,436.46504480418713,-24.822598582070423,8.265393465750684,0.2735440974495231
-121,14.603949100363302,295.22374526636986,11.513952870821969,1.775406020644843,436.53337889116415,-24.268583736712525,8.264723432570017,0.27150320253635746
-120,14.960516556724782,296.16052127598266,11.658119213697645,1.7802256509941128,436.5799361312137,-23.798573623065046,8.264748866668983,0.2827217066502368
-119,15.510123755857075,297.42124726093635,11.847210094318358,1.7850335262581654,436.74676830295937,-23.522899152938383,8.265101251791512,0.2965715532622229
-118,16.088533106861632,298.7239076269152,12.055219991953287,1.7898188013801777,436.87942686056573,-23.442858918755505,8.26585176730053,0.310819310203191
-117,18.109834897688085,303.0805001906957,12.817666297501878,1.794610969264216,437.0327770804756,-23.44721719812016,8.267140324347656,0.3566945203896954
-116,20.612645012209377,310.6298658126134,14.618110945635973,1.7993944891359634,437.15699444579366,-23.454305591309456,8.269104272823853,0.4629879214961428
-115,22.918119802759634,318.5478435955837,16.409568038333042,1.8041743232115273,437.4259794659841,-23.461651064736415,8.27211500515734,0.6036556406998087
-114,26.25932360288696,326.73240336838705,18.233897512180818,1.8090113486204118,437.42530233668464,-23.468998505961366,8.275398594183326,0.7334000795820658
-113,32.47268599342621,335.0486171506112,19.2389300993169,1.8136557016470918,437.4251020619983,-23.476315732329564,8.278655790019677,0.7880934960914937
-112,37.587905056469104,342.2703173620852,20.504860057522396,1.8184416748716052,437.4241174665871,-23.483673771936264,8.286859176353914,0.8375884066900279
-111,41.850141654296145,347.96264258944785,21.490848658651387,1.8232861609948257,437.42361268541066,-23.49103851409853,8.296024755710395,0.8687922779724543
-110,44.24244682617639,351.04467137777027,22.012518567857857,1.828067540693894,437.4232417510197,-23.498410403287544,8.304254150326978,0.8832582438035093
-109,44.586928538121676,351.50857810458035,22.11577338757659,1.8329278432666414,437.42294348650654,-23.50577437325376,8.316138864732599,0.8860692877405111
-108,42.95859089171439,349.3344223992093,21.720182569975123,1.837668252334775,437.4226565276451,-23.513160487072767,8.329169332663083,0.8755182461139563
-107,39.06554644531976,344.1613800229543,20.83269543333968,1.8423471947765102,437.4223190422029,-23.52055371925066,8.34055309015126,0.8489994480598663
-106,35.57262654233271,339.31460726549886,19.984408273980062,1.846832677256916,437.42186073652874,-23.527954027708834,8.351229965178423,0.8190149793985136
-105,33.2555754779161,335.96508702457277,19.38771281264633,1.8516395192815984,437.4208761126976,-23.535361457966488,8.361465701063656,0.7952430461961056
-104,31.49249828064224,333.52273998251184,19.02503590528654,1.856385337205531,437.41989148920686,-23.542776563908358,8.370861565769866,0.7792111106832506
-103,30.64205224526961,332.2395389140159,18.809527041515025,1.8611487562032218,437.4189068652253,-23.5501910582783,8.37900108188566,0.7689167853979745
-102,29.130913573879756,330.18239349063913,18.54960750077718,1.8658490709170785,437.41873051073725,-23.55761732612538,8.385939140333816,0.7555161923832262
-101,27.477380645292506,328.04234820159826,18.34157330110383,1.8706210712164648,437.4177466479539,-23.56505365965822,8.39316036599292,0.7431424647335926
-100,26.7651007001022,327.10441402118323,18.256324810012295,1.875374207066915,437.4175924859965,-23.57249728229776,8.39855731252952,0.737507541042525
-99,25.884207287893002,325.96852874744934,18.165232326481185,1.880181963633299,437.4174201101952,-23.57994801345243,8.403644054527213,0.7309356027057903
-98,25.27279294265734,325.07670269214634,18.070994770783813,1.8849559769426325,437.41728463330634,-23.587405839019425,8.409068673016014,0.7235165004428357
-97,25.015419189756987,324.71392314151535,18.038867635264168,1.8896438290996813,439.4695191035091,-23.594870747036826,8.415082733757497,0.7210648593836241
-96,24.899884756107294,324.5751736052714,18.03397642409436,1.8944344126217108,439.4693301148121,-23.602337987493836,8.419962108724105,0.7209878444812404
-95,25.155839901168623,324.93642027847983,18.072325903415305,1.8990510158202474,441.03540095068337,-23.60981746228239,8.425579522923433,0.7246075448932702
-94,26.379499026359284,326.5366956528497,18.2114009569928,1.9037797133906622,441.03517900509155,-23.61728399624183,8.432241630475179,0.7358388848242134
-93,28.15653072918919,328.826840249179,18.42705980763479,1.9083788656475507,442.39140005367966,-23.624777830253073,8.437827852520135,0.7503433581064602
-92,29.385657473219656,330.3978656005384,18.58949327007151,1.9128879008894544,443.16559664038937,-23.632278625281113,8.445322824781591,0.7598290269167084
-91,30.220400594001948,331.51680916337955,18.73494936432477,1.9174638287811738,443.1734745603665,-23.639786366021237,8.452555204192135,0.7676075320574531
-90,31.097844428699645,332.7776973035635,18.937073414572563,1.921942329807666,444.37625957000563,-23.64729985041558,8.458785406792888,0.7777606633550259
-89,31.95842983716874,333.96553327711024,19.117794444994285,1.9262060473170428,445.71123927539253,-23.654814592277194,8.46474703338626,0.7863606607878625
-88,32.29837535147564,334.4222911649518,19.189916852337237,1.9304699787414537,445.7109369547658,-23.662343080287645,8.471078428268687,0.7896979732244856
-87,32.09268731759829,334.118025630418,19.145638749431754,1.9347338676877623,448.13736450048646,-23.669878330999197,8.478107864091893,0.7877469290307675
-86,30.872385387338813,332.37877600355165,18.882095612899693,1.9390705036502134,450.5077697112114,-23.677420461738958,8.484907003966365,0.7753218581128781
-85,28.644884075096048,329.30662972721666,18.479586803866297,1.9435517548474297,450.85130800438884,-23.68496408925546,8.49054942991891,0.754155595774449
-84,26.373079183245885,326.3376304775286,18.195554798590067,1.9480991753501833,451.4941389345839,-23.692520083813122,8.496545770550583,0.7357747057388938
-83,24.755664305027977,324.16978593310984,18.00771258875517,1.9526556831196102,452.10030965360596,-23.700082921770388,8.502702348297987,0.7206027699693224
-82,25.980254431866175,323.67105436210215,17.38627415983474,1.9574058272797414,452.39806498171095,-23.707652593623393,8.507110938859258,0.6736108436982556
-81,24.905302505959142,324.3483488195896,18.024178115554243,1.9623442202267463,452.39704969883917,-23.715229349817868,8.513392173087556,0.7225923216142324
-80,25.895957376044482,325.67161327008506,18.14232452671117,1.9671007228949726,452.9834754072035,-23.722810580253235,8.518060963065663,0.7327197812776772
-79,27.670576917526446,327.95980361742045,18.348834589191924,1.971783769936534,452.9824592585024,-23.73040128520142,8.525187157508231,0.7474809709012027
-78,29.665863400091183,330.56487680595666,18.63148591139093,1.9765021057073222,452.98144310941353,-23.73799777059387,8.530818756118094,0.7640905181819349
-77,31.025029310847085,332.48982360526963,18.92115093252615,1.981202319342677,452.9804269599367,-23.745596919434096,8.539245695300567,0.7789929017931636
-76,33.077146854031305,335.36866216481184,19.374625938004197,1.985751588362768,452.9794108101083,-23.753206111863857,8.548673204435849,0.7998639403391223
-75,36.796468409864474,340.63834946641066,20.304637942530903,1.9902282012904975,452.9783999987304,-23.760822485312378,8.556205440520896,0.8367925860320639
-74,40.93428066913341,346.01976227758786,21.156123722896282,1.9945371200744098,452.97745546793385,-23.76844548613678,8.563385508990704,0.8643767569024606
-73,45.556397102658536,352.0268958299882,22.20229790862003,1.9987255695644033,452.97657861657177,-23.776074671844764,8.570920406952789,0.8929749573209083
-72,50.57124328792438,358.01671568270825,23.011980861065965,2.0028387773394187,452.9755815960274,-23.783710795141598,8.57827881371298,0.911856444221957
-71,55.41850849335453,363.4442244843308,23.559211076753165,2.0063669588005086,452.9744549157219,-23.79135313921114,8.584378247896964,0.9222919634949363
-70,59.31973714236769,367.7154506205768,23.948559683271537,2.0096347108089594,452.9732107033645,-23.79900205493968,8.589107702870596,0.9285943496733284
-69,62.61467729157199,371.36545584707187,24.347814397292698,2.0126023951776744,452.9718739548533,-23.806656932374587,8.593038468614509,0.9343319599009074
-68,65.50583348605619,374.6342724584796,24.78888966785833,2.015389662651137,452.97045808959143,-23.81431779276343,8.597943664437457,0.940172256664998
-67,66.49860538808076,375.7059193574092,24.901538961916604,2.01829396059023,452.96897130830234,-23.821984996309432,8.6025321894302,0.9415970323590949
-66,66.18162602008049,375.34351050118664,24.872571481540785,2.021215315801934,452.96746099932824,-23.82965870349945,8.607586359683257,0.9412504652983685
-65,67.10232226048903,376.3421205610002,24.985137829573016,2.02405215706963,452.9659581025273,-23.83733890299235,8.612101111216006,0.9426495693583375
-64,67.49945188849742,376.76767864351484,25.041490636093364,2.026763135120306,452.9644332527298,-23.84502559684856,8.617263745125303,0.94334270347979
-63,67.04029828771637,376.2362146047352,24.981115276655846,2.0293555816952873,452.9628988142091,-23.852718768322813,8.622046534822491,0.9426238977242096
-62,66.92392677132808,376.0887782873246,24.96852554467033,2.032108454945367,452.9613754353117,-23.86041840275087,8.627601188343455,0.9424827037365063
-61,65.32632067757073,374.2853497076109,24.756596025999144,2.0347651958054778,452.95985483117084,-23.868124486466613,8.632633756781262,0.9398513612383996
-60,62.955908601959365,371.59301508366696,24.420895764651448,2.037546410780422,452.95837272969766,-23.875837011465084,8.638668838768771,0.9354486759854699
-59,61.30336101440539,369.6878182740393,24.16813696396475,2.040374070373908,452.95694822417136,-23.883556909126476,8.643999705104052,0.9319701695611434
-58,58.900157444267926,367.00272317104134,23.892704257160418,2.0432020236953496,452.9555645032989,-23.89128227840769,8.650122432545711,0.9279268871860038
-57,56.473557204236435,364.3127679697878,23.647386513747747,2.0461378528015497,452.95423830867674,-23.899014044914956,8.655249379394446,0.9240247987985675
-56,55.01051778149014,362.6829529095615,23.504395169326152,2.0490642964303385,452.95296974486985,-23.90675220456863,8.66142742991519,0.9215988293734838
-55,54.049365098484394,361.595220363904,23.402834896564524,2.0518969800397535,452.9517358851348,-23.914497716535795,8.667009802656311,0.9198018149845328
-54,52.86552477641189,360.266546917201,23.28649439820252,2.054695847211921,452.95052514150706,-23.922248655143964,8.673324247832932,0.9176582335348556
-53,52.173064622607065,359.4649427158626,23.204608788579595,2.0573531189344787,452.9493426588583,-23.930005966589615,8.679315238338441,0.9161050996701195
-52,51.71303146216793,358.92437982419017,23.14939202841297,2.0601754506073715,452.9481770572897,-23.937769840528944,8.685724932777424,0.9150397268538129
-51,51.56591645554906,358.73984562272864,23.132977704118048,2.062873547666073,452.9470227220895,-23.94553987604854,8.692626328329156,0.9147316672442785
-50,51.892456171659845,359.09132058076386,23.172234305081947,2.065686396513119,452.94587195521837,-23.95331646516778,8.700011871374725,0.9155274879022424
-49,51.94802553901274,359.1397772785017,23.18274614909259,2.068600740931181,452.94471320031033,-23.961099401379442,8.708010218564594,0.9157585326093932
-48,51.509759774753675,358.61523197014844,23.122465943326933,2.0720022380107435,452.9435530032794,-23.9688884823777,8.715971951524612,0.9145904732565752
-47,50.99342716568479,358.0147140266033,23.064726613730077,2.074778398215076,452.9424037185661,-23.976683886079446,8.722827212525068,0.9134480855378849
-46,51.30435188379258,358.3522243444155,23.10479487309696,2.0776271758057145,452.94126693770784,-23.98448684752554,8.730419395760837,0.9142824136470407
-45,51.90587643955692,359.03271712767264,23.191846340926798,2.0805149941783783,452.94012246884205,-23.992296120609822,8.737429748015957,0.9160409205847998
-44,52.76731045363043,359.99417442679726,23.299600489826815,2.083842665903153,452.9389629090285,-24.000111732333764,8.74552685456751,0.9181588304003492
-43,53.982099887957546,361.32958174048576,23.428518915861243,2.0865583747724563,452.9377821972999,-24.007933620812214,8.752651351539987,0.9205847998254328
-42,54.97134756419727,362.4049195315063,23.528065932353865,2.0889604623043354,452.9365722627178,-24.015761802816787,8.759734097549295,0.9223818142143838
-41,56.218506527108666,363.74920135812636,23.640478227845342,2.091418668592321,452.935338717561,-24.023596262911155,8.76839220229245,0.924332858408102
-40,57.04601618370798,364.65941623992364,23.7412619236711,2.093595210078805,452.93407583152447,-24.0314357746093,8.776325374268888,0.9260143504434775
-39,58.073227280742955,365.75958375799513,23.834006239275766,2.0959540040657845,452.93279290436874,-24.03928154620233,8.784404258015588,0.9275161410399579
-38,59.229255748962714,367.0306940195552,23.971855531416782,2.098458661977101,452.9314858352725,-24.047133569583437,8.791375039273193,0.9296597224896351
-37,60.266546827856246,368.1827381210743,24.111898167301337,2.100812147617434,452.93015093653236,-24.05499183683913,8.797767790047901,0.9317647964881205
-36,61.95307023578394,370.0537222686335,24.328889501006262,2.1030089148289517,452.9287907772696,-24.062856336103067,8.806331118691823,0.9348967358517206
-35,63.34375906040138,371.60760900196186,24.52787023647139,2.105116140068243,452.9273898451725,-24.070727069180897,8.811833298816067,0.9376436007034028
-34,64.64006020685763,373.04241485159895,24.70323904961703,2.1071604279701073,452.92595498191076,-24.078604018745505,8.818629463857686,0.939979719409039
-33,65.90070626964103,374.43514602113646,24.874445460168662,2.1093753566190765,452.92448875649563,-24.08648717426117,8.82705624633168,0.9421874799440358
-32,67.1306555920806,375.7838047002432,25.03358738880268,2.1113316065485286,452.92299207638735,-24.094376526983872,8.834528719864327,0.9441641957718818
-31,69.28129751987997,378.1933931709207,25.360421112579782,2.113111358666771,452.92146589166623,-24.102272072771658,8.839357135009863,0.9480406125251903
-30,72.04619702413981,381.2728561885249,25.762202691922134,2.1148877117387657,452.9198873119468,-24.11017380456706,8.846861103351921,0.9525588201316955
-29,74.87513797772141,384.39215819432417,26.14632657568728,2.116500240042501,452.91824185035335,-24.118081976979624,8.852252670285976,0.956614938323899
-28,77.67293896087274,387.44129707813534,26.493444322171964,2.1180426129764482,452.9165286389849,-24.1259965909558,8.857553818563977,0.9600421014799697
-27,79.93610444271927,389.89027653496345,26.76439474736605,2.119493460087809,452.9147491875421,-24.133917618319956,8.863544952282322,0.962570757441565
-26,81.78392067562426,391.9191289661025,27.034798718279763,2.1212415811791616,452.9129165107587,-24.141844610051276,8.869195439304407,0.9649838910495847
-25,83.1053628345025,393.3588072968636,27.222147716782164,2.1227502572757735,452.91103955390275,-24.149778291160743,8.873928778878906,0.9666140398167046
-24,84.47793918378653,394.8484866393636,27.410387001770914,2.1241818806457524,452.9091311385844,-24.15771810380857,8.88016798075521,0.9682056811326325
-23,85.23172783039237,395.67816699895735,27.54317978690022,2.1257087509481774,452.9071901881837,-24.16566403291698,8.884132782387878,0.9693095614001309
-22,85.88989961855293,396.37784838033565,27.62893940034756,2.127230352094216,452.90523094798345,-24.173616063528463,8.889273087606409,0.9700155313386474
-21,86.22160635755766,396.7275307264525,27.682287909842234,2.12857881103869,452.9032562204693,-24.181574207039347,8.893616688323192,0.9704519491188212
-20,86.05252099558544,396.51721412868466,27.653031863285676,2.1299150813172063,452.9012735663636,-24.18953841620882,8.899411470935863,0.9702209044116703
-19,84.5286722870254,394.8168985697711,27.436600647871234,2.131137123755665,452.89929506974335,-24.197508687918976,8.902891782593079,0.9684495616568473
-18,80.01135047431589,389.79658403428675,26.7834632428261,2.132712190874674,452.89735288323203,-24.205485019895452,8.907714182352276,0.9627889663316519
-17,72.52387873042431,381.5555740388125,25.84930098863292,2.134372850698331,452.89529404388963,-24.2134281016254,8.914442643096963,0.9535728496797463
-16,61.92110134741223,369.60915163061657,24.323074851750388,2.135944401325525,452.8934565545899,-24.221376159995692,8.919544917983094,0.9349737507541043
-15,49.312440705741274,355.4329252156974,22.834972928240987,2.138629542340393,452.8920816597553,-24.22917344867602,8.928190334474905,0.9090967435532109
-14,36.89028656737687,339.4974577237544,20.25679564282082,2.1411803919231005,452.89098527622906,-24.236907657410974,8.935538132300662,0.8371776605439819
-13,24.91070444779538,322.94810600562903,17.910444252840353,2.1456640296625697,452.890022330398,-24.244594524119872,8.942886786565031,0.722463963443593
-12,20.367831971993418,308.09456782952384,14.473030763564317,2.150427469219098,452.88939434705026,-24.252364635191846,8.946549662556777,0.45551747596493253
-11,16.648167830026544,297.90556402068046,12.201310040155512,2.1551691415607945,453.15864325112307,-24.2601721186375,8.94879292956933,0.32292348569448187
-10,13.004604315959204,289.8570960796608,11.11405138963863,2.159930916070409,453.33267022406767,-24.264461056006926,8.950251917485735,0.23999127164439651
-9,10.546278034436737,284.97001141730703,10.952851865272692,2.1648151694161464,453.33165455836365,-22.59171066425872,8.948897376357401,0.19537397153015776
-8,9.030226952786776,281.9809127008432,11.124647577600186,2.169775683350344,453.33063889239077,-21.536018671489085,8.948018407634166,0.16834174079351022
-7,7.712502303036803,279.1759616399262,11.574909128379652,2.1746886545149042,453.3296232260732,-20.62357607735574,8.947268041163271,0.1412068235203512
-6,6.766326157921333,276.38016920414276,12.59087532818727,2.179564810249824,453.3286075594109,-20.639368513139186,8.946196764869553,0.1090531017751935
-5,6.379302049007437,274.86667322602875,13.40617121552644,2.184258055163869,453.32759189234906,-20.654864491253164,8.94470074914772,0.09210982325079903
-4,6.801382310438984,273.4177470325235,14.983692301170562,2.1891294179149736,453.3265762249977,-20.6697906847584,8.943916160174231,0.06940326286469765
-3,7.957429387928875,272.1728995417177,17.03377165715041,2.1939265432096944,453.32556055730197,-20.684638175564217,8.943401714707887,0.05014953726879485
-2,9.697738852627303,271.164119662577,19.195528766420555,2.1986637366643875,453.32454488926186,-20.699418054704985,8.94289064311331,0.036710436802854685
-1,9.65843097134495,271.14941089729683,19.157733825794946,2.2026971866687592,453.32352922087716,-20.714126819985143,8.942336517457424,0.036890138241749776
